지역,연도,배출원,PM10,PM2.5
서울특별시,2011,에너지산업 연소,12506,12506
서울특별시,2011,비산업 연소,239704,172063
서울특별시,2011,제조업 연소,1281,880
서울특별시,2011,도로이동오염원,855981,787503
서울특별시,2011,비도로이동오염원,586314,539802
서울특별시,2011,폐기물처리,12797,9996
서울특별시,2011,기타 면오염원,33831,30448
서울특별시,2012,에너지산업 연소,12580,12580
서울특별시,2012,비산업 연소,234062,167491
서울특별시,2012,제조업 연소,1304,816
서울특별시,2012,도로이동오염원,793470,729992
서울특별시,2012,비도로이동오염원,634026,583303
서울특별시,2012,폐기물처리,16780,13625
서울특별시,2012,기타 면오염원,35247,31722
서울특별시,2013,에너지산업 연소,12733,12733
서울특별시,2013,비산업 연소,287471,201263
서울특별시,2013,제조업 연소,1174,704
서울특별시,2013,도로이동오염원,735914,677041
서울특별시,2013,비도로이동오염원,650466,598427
서울특별시,2013,폐기물처리,13175,10189
서울특별시,2013,기타 면오염원,34452,31006
서울특별시,2014,에너지산업 연소,7815,7815
서울특별시,2014,비산업 연소,202627,156688
서울특별시,2014,제조업 연소,1317,885
서울특별시,2014,도로이동오염원,600608,552559
서울특별시,2014,비도로이동오염원,564152,519019
서울특별시,2014,폐기물처리,11632,8886
서울특별시,2014,기타 면오염원,35582,32023
서울특별시,2015,에너지산업 연소,7341,7341
서울특별시,2015,비산업 연소,221928,167291
서울특별시,2015,제조업 연소,1611,1153
서울특별시,2015,도로이동오염원,531067,488582
서울특별시,2015,비도로이동오염원,657398,604805
서울특별시,2015,폐기물처리,9128,6999
서울특별시,2015,기타 면오염원,36302,32672
서울특별시,2015,비산먼지,7545457,1133052
서울특별시,2015,생물성 연소,152343,137765
서울특별시,2016,에너지산업 연소,6444,6444
서울특별시,2016,비산업 연소,204948,157084
서울특별시,2016,제조업 연소,944,718
서울특별시,2016,도로이동오염원,575899,529827
서울특별시,2016,비도로이동오염원,671650,617917
서울특별시,2016,폐기물처리,14558,11587
서울특별시,2016,기타 면오염원,39416,35474
서울특별시,2016,비산먼지,6946046,1064636
서울특별시,2016,생물성 연소,110610,100029
서울특별시,2017,에너지산업 연소,7768,7768
서울특별시,2017,비산업 연소,182048,144077
서울특별시,2017,제조업 연소,980,711
서울특별시,2017,도로이동오염원,546848,503100
서울특별시,2017,비도로이동오염원,934197,859460
서울특별시,2017,폐기물처리,10402,8149
서울특별시,2017,기타 면오염원,36763,33087
서울특별시,2017,비산먼지,8716136,1263391
서울특별시,2017,생물성 연소,117520,106161
서울특별시,2018,에너지산업 연소,7729,7729
서울특별시,2018,비산업 연소,166529,136746
서울특별시,2018,제조업 연소,626,507
서울특별시,2018,도로이동오염원,585472,538634
서울특별시,2018,비도로이동오염원,1648189,1516333
서울특별시,2018,폐기물처리,8213,6386
서울특별시,2018,기타 면오염원,38891,35002
서울특별시,2018,비산먼지,12573062,1640468
서울특별시,2018,생물성 연소,101288,91576
서울특별시,2019,에너지산업 연소,10821,10821
서울특별시,2019,비산업 연소,165673,135345
서울특별시,2019,제조업 연소,982,865
서울특별시,2019,도로이동오염원,349216,321279
서울특별시,2019,비도로이동오염원,1012518,931516
서울특별시,2019,폐기물처리,10919,8796
서울특별시,2019,기타 면오염원,36006,32405
서울특별시,2019,비산먼지,7973346,1180136
서울특별시,2019,생물성 연소,122750,111146
부산광역시,2011,에너지산업 연소,81661,79446
부산광역시,2011,비산업 연소,177130,110916
부산광역시,2011,제조업 연소,100102,51052
부산광역시,2011,생산공정,27847,21325
부산광역시,2011,도로이동오염원,507236,466657
부산광역시,2011,비도로이동오염원,2221671,2044125
부산광역시,2011,폐기물처리,6697,5466
부산광역시,2011,기타 면오염원,25075,22568
부산광역시,2012,에너지산업 연소,67295,64754
부산광역시,2012,비산업 연소,162681,104390
부산광역시,2012,제조업 연소,109679,44716
부산광역시,2012,생산공정,30843,23847
부산광역시,2012,도로이동오염원,524223,482285
부산광역시,2012,비도로이동오염원,2216504,2039183
부산광역시,2012,폐기물처리,5569,4496
부산광역시,2012,기타 면오염원,14205,12785
부산광역시,2013,에너지산업 연소,80386,78053
부산광역시,2013,비산업 연소,86789,61354
부산광역시,2013,제조업 연소,90741,39000
부산광역시,2013,생산공정,12529,9136
부산광역시,2013,도로이동오염원,463135,426084
부산광역시,2013,비도로이동오염원,2239675,2060500
부산광역시,2013,폐기물처리,7332,6332
부산광역시,2013,기타 면오염원,14265,12839
부산광역시,2014,에너지산업 연소,86528,82713
부산광역시,2014,비산업 연소,59484,43242
부산광역시,2014,제조업 연소,352329,154827
부산광역시,2014,생산공정,25067,18865
부산광역시,2014,도로이동오염원,362964,333926
부산광역시,2014,비도로이동오염원,1318735,1199354
부산광역시,2014,폐기물처리,5229,4463
부산광역시,2014,기타 면오염원,12635,11372
부산광역시,2015,에너지산업 연소,49420,47128
부산광역시,2015,비산업 연소,63677,45987
부산광역시,2015,제조업 연소,246704,106711
부산광역시,2015,생산공정,14526,10637
부산광역시,2015,도로이동오염원,303654,279362
부산광역시,2015,비도로이동오염원,1293584,1178037
부산광역시,2015,폐기물처리,6461,5606
부산광역시,2015,기타 면오염원,12179,10961
부산광역시,2015,비산먼지,4534794,701864
부산광역시,2015,생물성 연소,81779,71212
부산광역시,2016,에너지산업 연소,59350,56654
부산광역시,2016,비산업 연소,65136,47732
부산광역시,2016,제조업 연소,198233,81044
부산광역시,2016,생산공정,15978,11659
부산광역시,2016,도로이동오염원,309041,284317
부산광역시,2016,비도로이동오염원,1344324,1224259
부산광역시,2016,폐기물처리,12754,10777
부산광역시,2016,기타 면오염원,13538,12184
부산광역시,2016,비산먼지,4813948,753884
부산광역시,2016,생물성 연소,70904,61228
부산광역시,2017,에너지산업 연소,50823,47686
부산광역시,2017,비산업 연소,56678,42477
부산광역시,2017,제조업 연소,204226,85953
부산광역시,2017,생산공정,18866,13663
부산광역시,2017,도로이동오염원,303622,279332
부산광역시,2017,비도로이동오염원,1433529,1313499
부산광역시,2017,폐기물처리,9198,7567
부산광역시,2017,기타 면오염원,15976,14378
부산광역시,2017,비산먼지,4785195,743290
부산광역시,2017,생물성 연소,79445,69046
부산광역시,2018,에너지산업 연소,68998,65661
부산광역시,2018,비산업 연소,54193,42320
부산광역시,2018,제조업 연소,178207,74427
부산광역시,2018,생산공정,12405,8928
부산광역시,2018,도로이동오염원,291566,268241
부산광역시,2018,비도로이동오염원,1459113,1337890
부산광역시,2018,폐기물처리,5891,5088
부산광역시,2018,기타 면오염원,22259,20034
부산광역시,2018,비산먼지,4719928,758135
부산광역시,2018,생물성 연소,73034,63391
부산광역시,2019,에너지산업 연소,52119,49709
부산광역시,2019,비산업 연소,49997,40193
부산광역시,2019,제조업 연소,154540,64671
부산광역시,2019,생산공정,9801,7056
부산광역시,2019,도로이동오염원,213121,196071
부산광역시,2019,비도로이동오염원,1527551,1398339
부산광역시,2019,폐기물처리,5984,5224
부산광역시,2019,기타 면오염원,22829,20546
부산광역시,2019,비산먼지,4113844,668698
부산광역시,2019,생물성 연소,82870,72322
대구광역시,2011,에너지산업 연소,34880,26096
대구광역시,2011,비산업 연소,88503,51302
대구광역시,2011,제조업 연소,408693,146314
대구광역시,2011,생산공정,1511,1316
대구광역시,2011,도로이동오염원,534988,492189
대구광역시,2011,비도로이동오염원,151612,139576
대구광역시,2011,폐기물처리,7693,6728
대구광역시,2011,기타 면오염원,12194,10974
대구광역시,2012,에너지산업 연소,33797,26097
대구광역시,2012,비산업 연소,83507,50184
대구광역시,2012,제조업 연소,479336,168291
대구광역시,2012,생산공정,1369,1191
대구광역시,2012,도로이동오염원,538945,495829
대구광역시,2012,비도로이동오염원,205891,189420
대구광역시,2012,폐기물처리,7062,6165
대구광역시,2012,기타 면오염원,10729,9656
대구광역시,2013,에너지산업 연소,31180,23223
대구광역시,2013,비산업 연소,84110,50120
대구광역시,2013,제조업 연소,344095,120980
대구광역시,2013,생산공정,1391,1210
대구광역시,2013,도로이동오염원,487711,448694
대구광역시,2013,비도로이동오염원,347089,319322
대구광역시,2013,폐기물처리,5400,4577
대구광역시,2013,기타 면오염원,9391,8451
대구광역시,2014,에너지산업 연소,20906,15146
대구광역시,2014,비산업 연소,54915,35397
대구광역시,2014,제조업 연소,1702465,735893
대구광역시,2014,생산공정,1204,1029
대구광역시,2014,도로이동오염원,426448,392333
대구광역시,2014,비도로이동오염원,310550,285705
대구광역시,2014,폐기물처리,5007,4236
대구광역시,2014,기타 면오염원,10846,9762
대구광역시,2015,에너지산업 연소,33115,28886
대구광역시,2015,비산업 연소,52277,34310
대구광역시,2015,제조업 연소,680380,238595
대구광역시,2015,생산공정,1255,1078
대구광역시,2015,도로이동오염원,394536,362973
대구광역시,2015,비도로이동오염원,200923,184849
대구광역시,2015,폐기물처리,7628,6565
대구광역시,2015,기타 면오염원,11145,10030
대구광역시,2015,비산먼지,2431811,409022
대구광역시,2015,생물성 연소,125812,104257
대구광역시,2016,에너지산업 연소,34850,30664
대구광역시,2016,비산업 연소,49291,34208
대구광역시,2016,제조업 연소,720418,252847
대구광역시,2016,생산공정,856,716
대구광역시,2016,도로이동오염원,409787,377004
대구광역시,2016,비도로이동오염원,194939,179344
대구광역시,2016,폐기물처리,5539,4709
대구광역시,2016,기타 면오염원,10641,9577
대구광역시,2016,비산먼지,2471470,420439
대구광역시,2016,생물성 연소,120925,99866
대구광역시,2017,에너지산업 연소,33857,29947
대구광역시,2017,비산업 연소,50962,36764
대구광역시,2017,제조업 연소,708091,248327
대구광역시,2017,생산공정,183,110
대구광역시,2017,도로이동오염원,334592,307824
대구광역시,2017,비도로이동오염원,124207,114271
대구광역시,2017,폐기물처리,8228,7059
대구광역시,2017,기타 면오염원,9940,8946
대구광역시,2017,비산먼지,2305060,414234
대구광역시,2017,생물성 연소,120467,99833
대구광역시,2018,에너지산업 연소,36561,31894
대구광역시,2018,비산업 연소,45741,33335
대구광역시,2018,제조업 연소,597166,209672
대구광역시,2018,생산공정,173,104
대구광역시,2018,도로이동오염원,313153,288100
대구광역시,2018,비도로이동오염원,200276,184254
대구광역시,2018,폐기물처리,8246,7089
대구광역시,2018,기타 면오염원,8850,7965
대구광역시,2018,비산먼지,2593270,442046
대구광역시,2018,생물성 연소,107688,89149
대구광역시,2019,에너지산업 연소,39914,34829
대구광역시,2019,비산업 연소,40230,30344
대구광역시,2019,제조업 연소,562388,197704
대구광역시,2019,생산공정,299,211
대구광역시,2019,도로이동오염원,231174,212680
대구광역시,2019,비도로이동오염원,349277,321334
대구광역시,2019,폐기물처리,11871,10424
대구광역시,2019,기타 면오염원,8427,7584
대구광역시,2019,비산먼지,2621015,426663
대구광역시,2019,생물성 연소,111784,93001
인천광역시,2011,에너지산업 연소,490675,440781
인천광역시,2011,비산업 연소,54751,41055
인천광역시,2011,제조업 연소,400120,268729
인천광역시,2011,생산공정,178857,123284
인천광역시,2011,도로이동오염원,400310,368285
인천광역시,2011,비도로이동오염원,705406,649104
인천광역시,2011,폐기물처리,10804,9447
인천광역시,2011,기타 면오염원,11335,10201
인천광역시,2012,에너지산업 연소,489622,446760
인천광역시,2012,비산업 연소,54720,41413
인천광역시,2012,제조업 연소,272382,109813
인천광역시,2012,생산공정,227010,158742
인천광역시,2012,도로이동오염원,439230,404092
인천광역시,2012,비도로이동오염원,537533,494530
인천광역시,2012,폐기물처리,10201,8765
인천광역시,2012,기타 면오염원,9951,8955
인천광역시,2013,에너지산업 연소,526859,484647
인천광역시,2013,비산업 연소,40854,32646
인천광역시,2013,제조업 연소,239241,98986
인천광역시,2013,생산공정,228604,160063
인천광역시,2013,도로이동오염원,377341,347154
인천광역시,2013,비도로이동오염원,604749,556369
인천광역시,2013,폐기물처리,9934,8476
인천광역시,2013,기타 면오염원,9634,8670
인천광역시,2014,에너지산업 연소,507581,456770
인천광역시,2014,비산업 연소,44374,32708
인천광역시,2014,제조업 연소,144168,58309
인천광역시,2014,생산공정,239849,167413
인천광역시,2014,도로이동오염원,317765,292344
인천광역시,2014,비도로이동오염원,447640,409508
인천광역시,2014,폐기물처리,14479,12448
인천광역시,2014,기타 면오염원,11439,10295
인천광역시,2015,에너지산업 연소,492068,427243
인천광역시,2015,비산업 연소,41409,31017
인천광역시,2015,제조업 연소,203071,88133
인천광역시,2015,생산공정,258933,181120
인천광역시,2015,도로이동오염원,336129,309239
인천광역시,2015,비도로이동오염원,715545,657329
인천광역시,2015,폐기물처리,9709,8307
인천광역시,2015,기타 면오염원,12078,10871
인천광역시,2015,비산먼지,6074100,894050
인천광역시,2015,생물성 연소,148480,122205
인천광역시,2016,에너지산업 연소,419543,369633
인천광역시,2016,비산업 연소,39541,30156
인천광역시,2016,제조업 연소,100602,43208
인천광역시,2016,생산공정,208544,141423
인천광역시,2016,도로이동오염원,332976,306338
인천광역시,2016,비도로이동오염원,524981,482642
인천광역시,2016,폐기물처리,9945,8407
인천광역시,2016,기타 면오염원,12203,10983
인천광역시,2016,비산먼지,4532449,751630
인천광역시,2016,생물성 연소,125697,102614
인천광역시,2017,에너지산업 연소,396518,344546
인천광역시,2017,비산업 연소,38851,30072
인천광역시,2017,제조업 연소,15947,14122
인천광역시,2017,생산공정,195653,130270
인천광역시,2017,도로이동오염원,352405,324213
인천광역시,2017,비도로이동오염원,1140771,1058373
인천광역시,2017,폐기물처리,9783,8442
인천광역시,2017,기타 면오염원,10365,9328
인천광역시,2017,비산먼지,7385269,1104053
인천광역시,2017,생물성 연소,130928,107649
인천광역시,2018,에너지산업 연소,339020,301881
인천광역시,2018,비산업 연소,39796,31437
인천광역시,2018,제조업 연소,15452,14340
인천광역시,2018,생산공정,225935,156517
인천광역시,2018,도로이동오염원,378542,348259
인천광역시,2018,비도로이동오염원,855391,791869
인천광역시,2018,폐기물처리,5940,5034
인천광역시,2018,기타 면오염원,10012,9011
인천광역시,2018,비산먼지,5604370,938649
인천광역시,2018,생물성 연소,127037,104133
인천광역시,2019,에너지산업 연소,330114,293835
인천광역시,2019,비산업 연소,39225,31263
인천광역시,2019,제조업 연소,13534,12629
인천광역시,2019,생산공정,146566,101926
인천광역시,2019,도로이동오염원,234178,215443
인천광역시,2019,비도로이동오염원,929477,858278
인천광역시,2019,폐기물처리,8637,7338
인천광역시,2019,기타 면오염원,9461,8515
인천광역시,2019,비산먼지,5363562,912712
인천광역시,2019,생물성 연소,128741,106157
광주광역시,2011,에너지산업 연소,2435,2435
광주광역시,2011,비산업 연소,69749,37453
광주광역시,2011,제조업 연소,1957,1298
광주광역시,2011,생산공정,588,524
광주광역시,2011,도로이동오염원,224028,206106
광주광역시,2011,비도로이동오염원,127376,117268
광주광역시,2011,폐기물처리,2263,1808
광주광역시,2011,기타 면오염원,7592,6833
광주광역시,2012,에너지산업 연소,2070,2070
광주광역시,2012,비산업 연소,60142,34926
광주광역시,2012,제조업 연소,1136,914
광주광역시,2012,생산공정,612,544
광주광역시,2012,도로이동오염원,239203,220066
광주광역시,2012,비도로이동오염원,180729,166270
광주광역시,2012,폐기물처리,3487,2880
광주광역시,2012,기타 면오염원,6797,6117
광주광역시,2013,에너지산업 연소,4003,4003
광주광역시,2013,비산업 연소,59684,36924
광주광역시,2013,제조업 연소,1888,1431
광주광역시,2013,생산공정,679,608
광주광역시,2013,도로이동오염원,217761,200340
광주광역시,2013,비도로이동오염원,168841,155333
광주광역시,2013,폐기물처리,3233,2739
광주광역시,2013,기타 면오염원,6923,6230
광주광역시,2014,에너지산업 연소,2765,2765
광주광역시,2014,비산업 연소,34283,24439
광주광역시,2014,제조업 연소,1230,1027
광주광역시,2014,생산공정,600,523
광주광역시,2014,도로이동오염원,156369,143859
광주광역시,2014,비도로이동오염원,149272,137330
광주광역시,2014,폐기물처리,2908,2468
광주광역시,2014,기타 면오염원,6217,5595
광주광역시,2015,에너지산업 연소,2333,2333
광주광역시,2015,비산업 연소,26509,17700
광주광역시,2015,제조업 연소,2425,1858
광주광역시,2015,생산공정,1281,1141
광주광역시,2015,도로이동오염원,143597,132109
광주광역시,2015,비도로이동오염원,115614,106365
광주광역시,2015,폐기물처리,2807,2388
광주광역시,2015,기타 면오염원,6177,5559
광주광역시,2015,비산먼지,1485080,237332
광주광역시,2015,생물성 연소,86101,69542
광주광역시,2016,에너지산업 연소,2484,2484
광주광역시,2016,비산업 연소,24834,17181
광주광역시,2016,제조업 연소,2573,2094
광주광역시,2016,생산공정,1133,1009
광주광역시,2016,도로이동오염원,149980,137981
광주광역시,2016,비도로이동오염원,142425,131031
광주광역시,2016,폐기물처리,2340,2001
광주광역시,2016,기타 면오염원,5835,5251
광주광역시,2016,비산먼지,1537842,248743
광주광역시,2016,생물성 연소,85681,68866
광주광역시,2017,에너지산업 연소,2701,2701
광주광역시,2017,비산업 연소,23996,17163
광주광역시,2017,제조업 연소,2428,2231
광주광역시,2017,생산공정,831,742
광주광역시,2017,도로이동오염원,147341,135554
광주광역시,2017,비도로이동오염원,161599,148671
광주광역시,2017,폐기물처리,1475,1328
광주광역시,2017,기타 면오염원,5674,5107
광주광역시,2017,비산먼지,1627788,265782
광주광역시,2017,생물성 연소,80582,65430
광주광역시,2018,에너지산업 연소,2722,2722
광주광역시,2018,비산업 연소,22653,16704
광주광역시,2018,제조업 연소,2391,2327
광주광역시,2018,생산공정,20,12
광주광역시,2018,도로이동오염원,135630,124780
광주광역시,2018,비도로이동오염원,98456,90580
광주광역시,2018,폐기물처리,1527,1375
광주광역시,2018,기타 면오염원,5301,4770
광주광역시,2018,비산먼지,1367678,243559
광주광역시,2018,생물성 연소,73624,59456
광주광역시,2019,에너지산업 연소,2678,2678
광주광역시,2019,비산업 연소,19107,15675
광주광역시,2019,제조업 연소,2356,2280
광주광역시,2019,생산공정,114,94
광주광역시,2019,도로이동오염원,96561,88836
광주광역시,2019,비도로이동오염원,165203,151987
광주광역시,2019,폐기물처리,1959,1763
광주광역시,2019,기타 면오염원,5155,4639
광주광역시,2019,비산먼지,1656312,273013
광주광역시,2019,생물성 연소,76780,62794
대전광역시,2011,에너지산업 연소,3653,1653
대전광역시,2011,비산업 연소,75256,42034
대전광역시,2011,제조업 연소,1260,849
대전광역시,2011,생산공정,612,507
대전광역시,2011,도로이동오염원,280506,258065
대전광역시,2011,비도로이동오염원,220374,202881
대전광역시,2011,폐기물처리,4366,3529
대전광역시,2011,기타 면오염원,8296,7467
대전광역시,2012,에너지산업 연소,5384,4807
대전광역시,2012,비산업 연소,71191,40932
대전광역시,2012,제조업 연소,1141,812
대전광역시,2012,생산공정,804,687
대전광역시,2012,도로이동오염원,289389,266238
대전광역시,2012,비도로이동오염원,115941,106664
대전광역시,2012,폐기물처리,5110,4147
대전광역시,2012,기타 면오염원,8517,7665
대전광역시,2013,에너지산업 연소,3112,2339
대전광역시,2013,비산업 연소,66574,39896
대전광역시,2013,제조업 연소,1207,868
대전광역시,2013,생산공정,821,726
대전광역시,2013,도로이동오염원,269770,248188
대전광역시,2013,비도로이동오염원,138046,127001
대전광역시,2013,폐기물처리,7019,5936
대전광역시,2013,기타 면오염원,7820,7038
대전광역시,2014,에너지산업 연소,2695,1402
대전광역시,2014,비산업 연소,33124,22148
대전광역시,2014,제조업 연소,740,585
대전광역시,2014,생산공정,875,731
대전광역시,2014,도로이동오염원,224067,206141
대전광역시,2014,비도로이동오염원,108765,100063
대전광역시,2014,폐기물처리,6075,5078
대전광역시,2014,기타 면오염원,8142,7328
대전광역시,2015,에너지산업 연소,3780,2251
대전광역시,2015,비산업 연소,32187,21756
대전광역시,2015,제조업 연소,607,490
대전광역시,2015,생산공정,873,756
대전광역시,2015,도로이동오염원,209391,192640
대전광역시,2015,비도로이동오염원,137578,126571
대전광역시,2015,폐기물처리,5850,4907
대전광역시,2015,기타 면오염원,8151,7336
대전광역시,2015,비산먼지,1426683,226842
대전광역시,2015,생물성 연소,87029,72462
대전광역시,2016,에너지산업 연소,4433,2611
대전광역시,2016,비산업 연소,29804,21278
대전광역시,2016,제조업 연소,793,745
대전광역시,2016,생산공정,473,400
대전광역시,2016,도로이동오염원,216816,199471
대전광역시,2016,비도로이동오염원,107569,98963
대전광역시,2016,폐기물처리,6554,5512
대전광역시,2016,기타 면오염원,6487,5839
대전광역시,2016,비산먼지,1158611,201032
대전광역시,2016,생물성 연소,84838,70034
대전광역시,2017,에너지산업 연소,4212,2641
대전광역시,2017,비산업 연소,25983,19678
대전광역시,2017,제조업 연소,731,696
대전광역시,2017,생산공정,554,474
대전광역시,2017,도로이동오염원,198299,182435
대전광역시,2017,비도로이동오염원,115638,106386
대전광역시,2017,폐기물처리,7204,6082
대전광역시,2017,기타 면오염원,6913,6222
대전광역시,2017,비산먼지,1253392,220031
대전광역시,2017,생물성 연소,89337,74048
대전광역시,2018,에너지산업 연소,3389,2505
대전광역시,2018,비산업 연소,24597,19353
대전광역시,2018,제조업 연소,1352,1282
대전광역시,2018,생산공정,142,85
대전광역시,2018,도로이동오염원,189017,173895
대전광역시,2018,비도로이동오염원,144434,132879
대전광역시,2018,폐기물처리,6815,5770
대전광역시,2018,기타 면오염원,6696,6027
대전광역시,2018,비산먼지,1449423,243527
대전광역시,2018,생물성 연소,82432,68124
대전광역시,2019,에너지산업 연소,2767,2574
대전광역시,2019,비산업 연소,21480,17695
대전광역시,2019,제조업 연소,4002,3935
대전광역시,2019,생산공정,186,122
대전광역시,2019,도로이동오염원,137099,126131
대전광역시,2019,비도로이동오염원,130597,120149
대전광역시,2019,폐기물처리,5180,4479
대전광역시,2019,기타 면오염원,5588,5029
대전광역시,2019,비산먼지,1258656,222780
대전광역시,2019,생물성 연소,80162,66488
울산광역시,2011,에너지산업 연소,157353,95843
울산광역시,2011,비산업 연소,38132,26212
울산광역시,2011,제조업 연소,553075,235005
울산광역시,2011,생산공정,984477,833328
울산광역시,2011,도로이동오염원,303111,278862
울산광역시,2011,비도로이동오염원,1023809,941987
울산광역시,2011,폐기물처리,16168,14203
울산광역시,2011,기타 면오염원,9108,8198
울산광역시,2012,에너지산업 연소,181849,122052
울산광역시,2012,비산업 연소,37036,25698
울산광역시,2012,제조업 연소,1112788,521228
울산광역시,2012,생산공정,781546,650308
울산광역시,2012,도로이동오염원,302617,278407
울산광역시,2012,비도로이동오염원,1066428,981113
울산광역시,2012,폐기물처리,19665,17138
울산광역시,2012,기타 면오염원,6670,6003
울산광역시,2013,에너지산업 연소,184966,127550
울산광역시,2013,비산업 연소,36261,25645
울산광역시,2013,제조업 연소,1325251,661206
울산광역시,2013,생산공정,700103,574002
울산광역시,2013,도로이동오염원,251864,231715
울산광역시,2013,비도로이동오염원,1037717,954699
울산광역시,2013,폐기물처리,23888,20691
울산광역시,2013,기타 면오염원,42150,37935
울산광역시,2014,에너지산업 연소,149286,106397
울산광역시,2014,비산업 연소,33703,23579
울산광역시,2014,제조업 연소,1843554,874699
울산광역시,2014,생산공정,708696,580541
울산광역시,2014,도로이동오염원,228969,210652
울산광역시,2014,비도로이동오염원,640442,582270
울산광역시,2014,폐기물처리,58182,46536
울산광역시,2014,기타 면오염원,5700,5130
울산광역시,2015,에너지산업 연소,117385,78873
울산광역시,2015,비산업 연소,37038,26115
울산광역시,2015,제조업 연소,2046830,1002260
울산광역시,2015,생산공정,791366,658235
울산광역시,2015,도로이동오염원,213009,195968
울산광역시,2015,비도로이동오염원,648967,590976
울산광역시,2015,폐기물처리,67141,59415
울산광역시,2015,기타 면오염원,5496,4946
울산광역시,2015,비산먼지,1885303,291093
울산광역시,2015,생물성 연소,97484,78902
울산광역시,2016,에너지산업 연소,163722,111342
울산광역시,2016,비산업 연소,42714,29923
울산광역시,2016,제조업 연소,998977,467640
울산광역시,2016,생산공정,830528,692418
울산광역시,2016,도로이동오염원,219372,201822
울산광역시,2016,비도로이동오염원,627386,571115
울산광역시,2016,폐기물처리,84113,75199
울산광역시,2016,기타 면오염원,5675,5107
울산광역시,2016,비산먼지,1666657,266736
울산광역시,2016,생물성 연소,99379,80321
울산광역시,2017,에너지산업 연소,110502,79985
울산광역시,2017,비산업 연소,35235,25069
울산광역시,2017,제조업 연소,862097,407628
울산광역시,2017,생산공정,789465,656770
울산광역시,2017,도로이동오염원,190910,175637
울산광역시,2017,비도로이동오염원,550012,500832
울산광역시,2017,폐기물처리,69768,62197
울산광역시,2017,기타 면오염원,7921,7129
울산광역시,2017,비산먼지,1302801,230055
울산광역시,2017,생물성 연소,102957,84104
울산광역시,2018,에너지산업 연소,149583,104110
울산광역시,2018,비산업 연소,30397,21788
울산광역시,2018,제조업 연소,950246,464355
울산광역시,2018,생산공정,801552,667993
울산광역시,2018,도로이동오염원,165820,152555
울산광역시,2018,비도로이동오염원,549010,498934
울산광역시,2018,폐기물처리,59159,52448
울산광역시,2018,기타 면오염원,5943,5348
울산광역시,2018,비산먼지,1270374,226666
울산광역시,2018,생물성 연소,97696,79816
울산광역시,2019,에너지산업 연소,92640,82020
울산광역시,2019,비산업 연소,29354,21582
울산광역시,2019,제조업 연소,816886,400646
울산광역시,2019,생산공정,784255,653283
울산광역시,2019,도로이동오염원,133336,122669
울산광역시,2019,비도로이동오염원,607053,551624
울산광역시,2019,폐기물처리,69007,61224
울산광역시,2019,기타 면오염원,4684,4216
울산광역시,2019,비산먼지,1172984,212931
울산광역시,2019,생물성 연소,91502,74992
세종특별자치시,2012,비산업 연소,1979,1640
세종특별자치시,2012,제조업 연소,2120,1495
세종특별자치시,2012,생산공정,1264,1138
세종특별자치시,2012,도로이동오염원,61836,56889
세종특별자치시,2012,비도로이동오염원,272636,250824
세종특별자치시,2012,폐기물처리,2270,2026
세종특별자치시,2012,기타 면오염원,1392,1253
세종특별자치시,2013,에너지산업 연소,3984,3984
세종특별자치시,2013,비산업 연소,5846,5387
세종특별자치시,2013,제조업 연소,1816,1361
세종특별자치시,2013,생산공정,2312,2075
세종특별자치시,2013,도로이동오염원,57998,53359
세종특별자치시,2013,비도로이동오염원,267198,245820
세종특별자치시,2013,폐기물처리,2352,2012
세종특별자치시,2013,기타 면오염원,1494,1345
세종특별자치시,2014,에너지산업 연소,17207,17207
세종특별자치시,2014,비산업 연소,3677,2415
세종특별자치시,2014,제조업 연소,1688,1233
세종특별자치시,2014,생산공정,2379,2126
세종특별자치시,2014,도로이동오염원,46649,42917
세종특별자치시,2014,비도로이동오염원,69177,63641
세종특별자치시,2014,폐기물처리,2575,2154
세종특별자치시,2014,기타 면오염원,1911,1720
세종특별자치시,2015,에너지산업 연소,14048,14048
세종특별자치시,2015,비산업 연소,8386,7191
세종특별자치시,2015,제조업 연소,2285,1738
세종특별자치시,2015,생산공정,2891,2602
세종특별자치시,2015,도로이동오염원,47649,43837
세종특별자치시,2015,비도로이동오염원,152823,140596
세종특별자치시,2015,폐기물처리,2575,2304
세종특별자치시,2015,기타 면오염원,1538,1384
세종특별자치시,2015,비산먼지,1090290,142074
세종특별자치시,2015,생물성 연소,56304,44046
세종특별자치시,2016,에너지산업 연소,17850,17850
세종특별자치시,2016,비산업 연소,3536,2480
세종특별자치시,2016,제조업 연소,2716,2155
세종특별자치시,2016,생산공정,2740,2466
세종특별자치시,2016,도로이동오염원,56286,51783
세종특별자치시,2016,비도로이동오염원,163161,150107
세종특별자치시,2016,폐기물처리,2573,2246
세종특별자치시,2016,기타 면오염원,1852,1667
세종특별자치시,2016,비산먼지,1102651,144465
세종특별자치시,2016,생물성 연소,80689,65293
세종특별자치시,2017,에너지산업 연소,19430,19430
세종특별자치시,2017,비산업 연소,3461,2544
세종특별자치시,2017,제조업 연소,2880,2302
세종특별자치시,2017,생산공정,541,487
세종특별자치시,2017,도로이동오염원,59409,54656
세종특별자치시,2017,비도로이동오염원,109102,100373
세종특별자치시,2017,폐기물처리,3097,2728
세종특별자치시,2017,기타 면오염원,1936,1743
세종특별자치시,2017,비산먼지,835959,120476
세종특별자치시,2017,생물성 연소,77541,62895
세종특별자치시,2018,에너지산업 연소,23576,23576
세종특별자치시,2018,비산업 연소,2870,2141
세종특별자치시,2018,제조업 연소,2021,1617
세종특별자치시,2018,생산공정,4,2
세종특별자치시,2018,도로이동오염원,53671,49378
세종특별자치시,2018,비도로이동오염원,99340,91392
세종특별자치시,2018,폐기물처리,4111,3621
세종특별자치시,2018,기타 면오염원,1558,1403
세종특별자치시,2018,비산먼지,767056,115657
세종특별자치시,2018,생물성 연소,70008,56657
세종특별자치시,2019,에너지산업 연소,16138,16138
세종특별자치시,2019,비산업 연소,2518,1986
세종특별자치시,2019,제조업 연소,2065,1702
세종특별자치시,2019,생산공정,251,226
세종특별자치시,2019,도로이동오염원,44084,40557
세종특별자치시,2019,비도로이동오염원,76277,70174
세종특별자치시,2019,폐기물처리,3428,2951
세종특별자치시,2019,기타 면오염원,1262,1136
세종특별자치시,2019,비산먼지,698225,112425
세종특별자치시,2019,생물성 연소,72396,58810
경기도,2011,에너지산업 연소,158251,148017
경기도,2011,비산업 연소,233302,157495
경기도,2011,제조업 연소,511152,193550
경기도,2011,생산공정,78765,69193
경기도,2011,도로이동오염원,2866256,2636956
경기도,2011,비도로이동오염원,1875377,1726243
경기도,2011,폐기물처리,50204,43390
경기도,2011,기타 면오염원,61182,55064
경기도,2012,에너지산업 연소,173151,164469
경기도,2012,비산업 연소,219244,151562
경기도,2012,제조업 연소,623939,237522
경기도,2012,생산공정,66271,57963
경기도,2012,도로이동오염원,2808568,2583882
경기도,2012,비도로이동오염원,1953520,1797243
경기도,2012,폐기물처리,137418,100058
경기도,2012,기타 면오염원,62181,55963
경기도,2013,에너지산업 연소,209852,199829
경기도,2013,비산업 연소,217577,148750
경기도,2013,제조업 연소,499830,199829
경기도,2013,생산공정,52737,45788
경기도,2013,도로이동오염원,2983017,2744375
경기도,2013,비도로이동오염원,2362716,2173702
경기도,2013,폐기물처리,51859,44042
경기도,2013,기타 면오염원,55439,49895
경기도,2014,에너지산업 연소,158268,148274
경기도,2014,비산업 연소,267944,172312
경기도,2014,제조업 연소,2062739,895295
경기도,2014,생산공정,61215,53267
경기도,2014,도로이동오염원,2332621,2146011
경기도,2014,비도로이동오염원,1772240,1626619
경기도,2014,폐기물처리,48300,40038
경기도,2014,기타 면오염원,59614,53652
경기도,2015,에너지산업 연소,247980,239465
경기도,2015,비산업 연소,251929,166166
경기도,2015,제조업 연소,886139,330504
경기도,2015,생산공정,63150,55135
경기도,2015,도로이동오염원,2280290,2097867
경기도,2015,비도로이동오염원,2731892,2511020
경기도,2015,폐기물처리,45844,38323
경기도,2015,기타 면오염원,73305,65974
경기도,2015,비산먼지,24596996,3657737
경기도,2015,생물성 연소,1970695,1674236
경기도,2016,에너지산업 연소,312389,301839
경기도,2016,비산업 연소,233333,160795
경기도,2016,제조업 연소,1001125,372361
경기도,2016,생산공정,60359,53420
경기도,2016,도로이동오염원,2583142,2376491
경기도,2016,비도로이동오염원,2609938,2400613
경기도,2016,폐기물처리,43078,35799
경기도,2016,기타 면오염원,67092,60383
경기도,2016,비산먼지,23986237,3663993
경기도,2016,생물성 연소,2002938,1701056
경기도,2017,에너지산업 연소,313900,303897
경기도,2017,비산업 연소,220337,155919
경기도,2017,제조업 연소,1053021,392338
경기도,2017,생산공정,45295,38609
경기도,2017,도로이동오염원,2252756,2072535
경기도,2017,비도로이동오염원,2185786,2022994
경기도,2017,폐기물처리,42683,35642
경기도,2017,기타 면오염원,65773,59196
경기도,2017,비산먼지,23259321,3626785
경기도,2017,생물성 연소,1970430,1677699
경기도,2018,에너지산업 연소,447191,440661
경기도,2018,비산업 연소,209882,152677
경기도,2018,제조업 연소,863934,327867
경기도,2018,생산공정,39160,34125
경기도,2018,도로이동오염원,2237116,2058147
경기도,2018,비도로이동오염원,2320338,2162345
경기도,2018,폐기물처리,38053,31993
경기도,2018,기타 면오염원,60481,54433
경기도,2018,비산먼지,23268758,3641799
경기도,2018,생물성 연소,1857405,1583634
경기도,2019,에너지산업 연소,402831,398300
경기도,2019,비산업 연소,195127,145836
경기도,2019,제조업 연소,801263,305742
경기도,2019,생산공정,29808,25389
경기도,2019,도로이동오염원,1648242,1516383
경기도,2019,비도로이동오염원,2412598,2243111
경기도,2019,폐기물처리,40575,34184
경기도,2019,기타 면오염원,61952,55757
경기도,2019,비산먼지,22491189,3586990
경기도,2019,생물성 연소,1834399,1568017
강원도,2011,에너지산업 연소,78127,59405
강원도,2011,비산업 연소,170918,89039
강원도,2011,제조업 연소,44661738,23043310
강원도,2011,생산공정,78627,70638
강원도,2011,도로이동오염원,651121,599032
강원도,2011,비도로이동오염원,452738,416637
강원도,2011,폐기물처리,4574,3938
강원도,2011,기타 면오염원,26754,24078
강원도,2012,에너지산업 연소,84086,64934
강원도,2012,비산업 연소,167785,90462
강원도,2012,제조업 연소,2384787,1007717
강원도,2012,생산공정,99067,89036
강원도,2012,도로이동오염원,639980,588782
강원도,2012,비도로이동오염원,473648,435755
강원도,2012,폐기물처리,4935,3692
강원도,2012,기타 면오염원,16420,14778
강원도,2013,에너지산업 연소,93263,72947
강원도,2013,비산업 연소,162317,87930
강원도,2013,제조업 연소,1988681,851607
강원도,2013,생산공정,88883,79878
강원도,2013,도로이동오염원,618478,569000
강원도,2013,비도로이동오염원,521789,480045
강원도,2013,폐기물처리,3489,2680
강원도,2013,기타 면오염원,13844,12459
강원도,2014,에너지산업 연소,81474,57382
강원도,2014,비산업 연소,162153,89796
강원도,2014,제조업 연소,4480352,2128105
강원도,2014,생산공정,87117,78278
강원도,2014,도로이동오염원,455903,419430
강원도,2014,비도로이동오염원,403839,370447
강원도,2014,폐기물처리,4181,3244
강원도,2014,기타 면오염원,15493,13944
강원도,2015,에너지산업 연소,53005,35477
강원도,2015,비산업 연소,147775,82305
강원도,2015,제조업 연소,3898454,1970534
강원도,2015,생산공정,94362,84828
강원도,2015,도로이동오염원,436371,401461
강원도,2015,비도로이동오염원,407772,375463
강원도,2015,폐기물처리,3510,2598
강원도,2015,기타 면오염원,41014,36913
강원도,2015,비산먼지,5202849,814863
강원도,2015,생물성 연소,1584180,1372407
강원도,2016,에너지산업 연소,122962,92104
강원도,2016,비산업 연소,129615,74782
강원도,2016,제조업 연소,1184181,531898
강원도,2016,생산공정,111358,100139
강원도,2016,도로이동오염원,500376,460346
강원도,2016,비도로이동오염원,506579,467010
강원도,2016,폐기물처리,3381,2351
강원도,2016,기타 면오염원,19650,17685
강원도,2016,비산먼지,5478144,845063
강원도,2016,생물성 연소,1573245,1362686
강원도,2017,에너지산업 연소,181263,140682
강원도,2017,비산업 연소,115930,67354
강원도,2017,제조업 연소,1006684,465018
강원도,2017,생산공정,115710,104035
강원도,2017,도로이동오염원,475943,437867
강원도,2017,비도로이동오염원,604572,567959
강원도,2017,폐기물처리,3739,2707
강원도,2017,기타 면오염원,144770,130293
강원도,2017,비산먼지,5508569,870742
강원도,2017,생물성 연소,1528795,1327119
강원도,2018,에너지산업 연소,296863,234635
강원도,2018,비산업 연소,102681,61407
강원도,2018,제조업 연소,1048165,483328
강원도,2018,생산공정,95676,86004
강원도,2018,도로이동오염원,404633,372263
강원도,2018,비도로이동오염원,701390,662988
강원도,2018,폐기물처리,3201,2426
강원도,2018,기타 면오염원,87076,78369
강원도,2018,비산먼지,5593676,876824
강원도,2018,생물성 연소,1438435,1251213
강원도,2019,에너지산업 연소,212065,162022
강원도,2019,비산업 연소,81992,51821
강원도,2019,제조업 연소,1106503,496216
강원도,2019,생산공정,99576,89476
강원도,2019,도로이동오염원,321904,296151
강원도,2019,비도로이동오염원,633524,597785
강원도,2019,폐기물처리,3816,2899
강원도,2019,기타 면오염원,339069,305162
강원도,2019,비산먼지,5110028,824327
강원도,2019,생물성 연소,1527112,1326728
충청북도,2011,에너지산업 연소,2479,961
충청북도,2011,비산업 연소,161577,89354
충청북도,2011,제조업 연소,3565822,1687579
충청북도,2011,생산공정,65892,59246
충청북도,2011,도로이동오염원,842567,775162
충청북도,2011,비도로이동오염원,362361,333499
충청북도,2011,폐기물처리,15677,13711
충청북도,2011,기타 면오염원,9844,8860
충청북도,2012,에너지산업 연소,6713,2601
충청북도,2012,비산업 연소,154412,86637
충청북도,2012,제조업 연소,2066347,843536
충청북도,2012,생산공정,75344,67744
충청북도,2012,도로이동오염원,868519,799038
충청북도,2012,비도로이동오염원,403561,371269
충청북도,2012,폐기물처리,19532,17121
충청북도,2012,기타 면오염원,8794,7914
충청북도,2013,에너지산업 연소,5736,2221
충청북도,2013,비산업 연소,159864,89577
충청북도,2013,제조업 연소,1697332,715955
충청북도,2013,생산공정,74054,66597
충청북도,2013,도로이동오염원,794940,731344
충청북도,2013,비도로이동오염원,409750,376963
충청북도,2013,폐기물처리,13921,11934
충청북도,2013,기타 면오염원,8692,7823
충청북도,2014,에너지산업 연소,5278,2048
충청북도,2014,비산업 연소,109129,63086
충청북도,2014,제조업 연소,3423704,1657340
충청북도,2014,생산공정,79287,71241
충청북도,2014,도로이동오염원,667061,613696
충청북도,2014,비도로이동오염원,361287,332378
충청북도,2014,폐기물처리,14533,12433
충청북도,2014,기타 면오염원,8228,7405
충청북도,2015,에너지산업 연소,5158,2002
충청북도,2015,비산업 연소,99562,58289
충청북도,2015,제조업 연소,2377903,1148086
충청북도,2015,생산공정,85335,76531
충청북도,2015,도로이동오염원,650419,598386
충청북도,2015,비도로이동오염원,389753,358568
충청북도,2015,폐기물처리,14908,12610
충청북도,2015,기타 면오염원,9151,8236
충청북도,2015,비산먼지,5839222,948045
충청북도,2015,생물성 연소,1544202,1279082
충청북도,2016,에너지산업 연소,6265,2416
충청북도,2016,비산업 연소,86945,52262
충청북도,2016,제조업 연소,991042,450235
충청북도,2016,생산공정,96145,86279
충청북도,2016,도로이동오염원,757325,696739
충청북도,2016,비도로이동오염원,345992,318307
충청북도,2016,폐기물처리,19028,16291
충청북도,2016,기타 면오염원,16899,15209
충청북도,2016,비산먼지,5710340,952360
충청북도,2016,생물성 연소,1561237,1299315
충청북도,2017,에너지산업 연소,6205,2312
충청북도,2017,비산업 연소,78797,48375
충청북도,2017,제조업 연소,988684,431070
충청북도,2017,생산공정,96065,86171
충청북도,2017,도로이동오염원,625352,575324
충청북도,2017,비도로이동오염원,359113,330380
충청북도,2017,폐기물처리,15060,12724
충청북도,2017,기타 면오염원,10369,9332
충청북도,2017,비산먼지,5882585,965786
충청북도,2017,생물성 연소,1525278,1271741
충청북도,2018,에너지산업 연소,4655,1726
충청북도,2018,비산업 연소,70649,44746
충청북도,2018,제조업 연소,976878,453843
충청북도,2018,생산공정,68007,61103
충청북도,2018,도로이동오염원,565372,520142
충청북도,2018,비도로이동오염원,365232,336010
충청북도,2018,폐기물처리,18514,16023
충청북도,2018,기타 면오염원,8747,7873
충청북도,2018,비산먼지,5980903,980474
충청북도,2018,생물성 연소,1402895,1169343
충청북도,2019,에너지산업 연소,3645,1333
충청북도,2019,비산업 연소,58626,39373
충청북도,2019,제조업 연소,1079611,497407
충청북도,2019,생산공정,68010,61097
충청북도,2019,도로이동오염원,448509,412628
충청북도,2019,비도로이동오염원,354017,325691
충청북도,2019,폐기물처리,15930,13686
충청북도,2019,기타 면오염원,10182,9164
충청북도,2019,비산먼지,5527566,930491
충청북도,2019,생물성 연소,1413037,1178332
충청남도,2011,에너지산업 연소,1914551,1394487
충청남도,2011,비산업 연소,140159,82620
충청남도,2011,제조업 연소,139380,118072
충청남도,2011,생산공정,1000349,773033
충청남도,2011,도로이동오염원,1067621,982211
충청남도,2011,비도로이동오염원,1015171,934149
충청남도,2011,폐기물처리,15007,12856
충청남도,2011,기타 면오염원,20132,18119
충청남도,2012,에너지산업 연소,1950032,1559371
충청남도,2012,비산업 연소,129606,78930
충청남도,2012,제조업 연소,25512089,13298701
충청남도,2012,생산공정,1165095,910110
충청남도,2012,도로이동오염원,1002558,922353
충청남도,2012,비도로이동오염원,1028208,945944
충청남도,2012,폐기물처리,10893,9096
충청남도,2012,기타 면오염원,20004,18004
충청남도,2013,에너지산업 연소,1893560,1380220
충청남도,2013,비산업 연소,116954,74457
충청남도,2013,제조업 연소,25648025,13368534
충청남도,2013,생산공정,1189478,918782
충청남도,2013,도로이동오염원,924070,850145
충청남도,2013,비도로이동오염원,1173167,1079307
충청남도,2013,폐기물처리,12803,10757
충청남도,2013,기타 면오염원,18008,16208
충청남도,2014,에너지산업 연소,2233952,1795972
충청남도,2014,비산업 연소,103682,67546
충청남도,2014,제조업 연소,7790833,4085907
충청남도,2014,생산공정,1322110,998045
충청남도,2014,도로이동오염원,776215,714117
충청남도,2014,비도로이동오염원,1720427,1579372
충청남도,2014,폐기물처리,10510,8665
충청남도,2014,기타 면오염원,17959,16163
충청남도,2015,에너지산업 연소,2070351,1669270
충청남도,2015,비산업 연소,100952,64374
충청남도,2015,제조업 연소,13266123,6918256
충청남도,2015,생산공정,1405019,1076356
충청남도,2015,도로이동오염원,745835,686168
충청남도,2015,비도로이동오염원,901170,826589
충청남도,2015,폐기물처리,10909,9132
충청남도,2015,기타 면오염원,18873,16986
충청남도,2015,비산먼지,8711181,1419642
충청남도,2015,생물성 연소,1419178,1157980
충청남도,2016,에너지산업 연소,1590816,1284125
충청남도,2016,비산업 연소,82306,55071
충청남도,2016,제조업 연소,23680842,12349186
충청남도,2016,생산공정,1303330,993853
충청남도,2016,도로이동오염원,833903,767191
충청남도,2016,비도로이동오염원,821331,753357
충청남도,2016,폐기물처리,14892,12536
충청남도,2016,기타 면오염원,17403,15662
충청남도,2016,비산먼지,8614499,1432626
충청남도,2016,생물성 연소,1419528,1157991
충청남도,2017,에너지산업 연소,1504083,1220104
충청남도,2017,비산업 연소,75510,51693
충청남도,2017,제조업 연소,18370794,9590306
충청남도,2017,생산공정,1314194,999108
충청남도,2017,도로이동오염원,754174,693840
충청남도,2017,비도로이동오염원,885221,817637
충청남도,2017,폐기물처리,18957,16171
충청남도,2017,기타 면오염원,18681,16813
충청남도,2017,비산먼지,8903050,1472710
충청남도,2017,생물성 연소,1398822,1142209
충청남도,2018,에너지산업 연소,1478586,1198605
충청남도,2018,비산업 연소,72590,50992
충청남도,2018,제조업 연소,22663622,11826506
충청남도,2018,생산공정,1352854,1016845
충청남도,2018,도로이동오염원,675745,621685
충청남도,2018,비도로이동오염원,1008424,933240
충청남도,2018,폐기물처리,12315,10374
충청남도,2018,기타 면오염원,16236,14612
충청남도,2018,비산먼지,8696078,1458376
충청남도,2018,생물성 연소,1227024,997935
충청남도,2019,에너지산업 연소,1201716,973598
충청남도,2019,비산업 연소,66219,48777
충청남도,2019,제조업 연소,17673252,9236640
충청남도,2019,생산공정,1380361,1026822
충청남도,2019,도로이동오염원,551356,507248
충청남도,2019,비도로이동오염원,1046708,966572
충청남도,2019,폐기물처리,11613,9570
충청남도,2019,기타 면오염원,13782,12404
충청남도,2019,비산먼지,8549543,1447532
충청남도,2019,생물성 연소,1328112,1084999
전라북도,2011,에너지산업 연소,60678,54316
전라북도,2011,비산업 연소,128879,69736
전라북도,2011,제조업 연소,1893849,677319
전라북도,2011,생산공정,71208,57094
전라북도,2011,도로이동오염원,752082,691916
전라북도,2011,비도로이동오염원,576211,530290
전라북도,2011,폐기물처리,17657,15649
전라북도,2011,기타 면오염원,9908,8917
전라북도,2012,에너지산업 연소,73752,65811
전라북도,2012,비산업 연소,109623,62466
전라북도,2012,제조업 연소,81328,46171
전라북도,2012,생산공정,46805,36082
전라북도,2012,도로이동오염원,749996,689996
전라북도,2012,비도로이동오염원,631187,580686
전라북도,2012,폐기물처리,18026,15979
전라북도,2012,기타 면오염원,9814,8832
전라북도,2013,에너지산업 연소,75073,65874
전라북도,2013,비산업 연소,97665,56381
전라북도,2013,제조업 연소,81660,46317
전라북도,2013,생산공정,59428,47854
전라북도,2013,도로이동오염원,694773,639191
전라북도,2013,비도로이동오염원,586999,540034
전라북도,2013,폐기물처리,17119,15194
전라북도,2013,기타 면오염원,10933,9840
전라북도,2014,에너지산업 연소,76751,66510
전라북도,2014,비산업 연소,82254,49211
전라북도,2014,제조업 연소,46184,26686
전라북도,2014,생산공정,61987,50425
전라북도,2014,도로이동오염원,580378,533948
전라북도,2014,비도로이동오염원,479379,441031
전라북도,2014,폐기물처리,19604,17097
전라북도,2014,기타 면오염원,10696,9627
전라북도,2015,에너지산업 연소,59278,49761
전라북도,2015,비산업 연소,75276,47078
전라북도,2015,제조업 연소,125932,69338
전라북도,2015,생산공정,54254,45117
전라북도,2015,도로이동오염원,538461,495384
전라북도,2015,비도로이동오염원,438025,404223
전라북도,2015,폐기물처리,19916,17229
전라북도,2015,기타 면오염원,12318,11086
전라북도,2015,비산먼지,7394781,1206101
전라북도,2015,생물성 연소,1158470,936704
전라북도,2016,에너지산업 연소,59446,46227
전라북도,2016,비산업 연소,72958,46842
전라북도,2016,제조업 연소,46998,28997
전라북도,2016,생산공정,33497,26741
전라북도,2016,도로이동오염원,595472,547835
전라북도,2016,비도로이동오염원,460744,425725
전라북도,2016,폐기물처리,26402,23159
전라북도,2016,기타 면오염원,12235,11011
전라북도,2016,비산먼지,7733224,1261719
전라북도,2016,생물성 연소,1286943,1042244
전라북도,2017,에너지산업 연소,58640,42457
전라북도,2017,비산업 연소,72037,46437
전라북도,2017,제조업 연소,26613,18826
전라북도,2017,생산공정,48220,39138
전라북도,2017,도로이동오염원,528477,486199
전라북도,2017,비도로이동오염원,635240,596961
전라북도,2017,폐기물처리,21825,19032
전라북도,2017,기타 면오염원,12379,11141
전라북도,2017,비산먼지,7585963,1239261
전라북도,2017,생물성 연소,1275139,1037779
전라북도,2018,에너지산업 연소,68257,49278
전라북도,2018,비산업 연소,65694,43421
전라북도,2018,제조업 연소,28375,20251
전라북도,2018,생산공정,54608,43856
전라북도,2018,도로이동오염원,477334,439147
전라북도,2018,비도로이동오염원,699265,661849
전라북도,2018,폐기물처리,26013,22567
전라북도,2018,기타 면오염원,12952,11657
전라북도,2018,비산먼지,7992520,1296690
전라북도,2018,생물성 연소,1204216,973881
전라북도,2019,에너지산업 연소,88634,66382
전라북도,2019,비산업 연소,64667,44454
전라북도,2019,제조업 연소,36955,25749
전라북도,2019,생산공정,75566,57687
전라북도,2019,도로이동오염원,382311,351726
전라북도,2019,비도로이동오염원,722022,680023
전라북도,2019,폐기물처리,25335,22009
전라북도,2019,기타 면오염원,13513,12162
전라북도,2019,비산먼지,8172931,1319612
전라북도,2019,생물성 연소,1287500,1046801
전라남도,2011,에너지산업 연소,302189,222466
전라남도,2011,비산업 연소,152359,93465
전라남도,2011,제조업 연소,23382913,12157352
전라남도,2011,생산공정,2967851,2356557
전라남도,2011,도로이동오염원,806128,741637
전라남도,2011,비도로이동오염원,1981018,1822718
전라남도,2011,폐기물처리,53869,48032
전라남도,2011,기타 면오염원,16616,14955
전라남도,2012,에너지산업 연소,275541,195993
전라남도,2012,비산업 연소,143240,89480
전라남도,2012,제조업 연소,11886248,6164866
전라남도,2012,생산공정,3179780,2513855
전라남도,2012,도로이동오염원,798090,734242
전라남도,2012,비도로이동오염원,2019456,1857887
전라남도,2012,폐기물처리,40819,36333
전라남도,2012,기타 면오염원,15757,14181
전라남도,2013,에너지산업 연소,285443,228405
전라남도,2013,비산업 연소,119616,78074
전라남도,2013,제조업 연소,15079906,7842602
전라남도,2013,생산공정,2251377,1695192
전라남도,2013,도로이동오염원,678195,623940
전라남도,2013,비도로이동오염원,2032080,1869502
전라남도,2013,폐기물처리,42705,33265
전라남도,2013,기타 면오염원,18890,17001
전라남도,2014,에너지산업 연소,277716,213160
전라남도,2014,비산업 연소,98890,61961
전라남도,2014,제조업 연소,19158050,9999431
전라남도,2014,생산공정,2327144,1746440
전라남도,2014,도로이동오염원,551739,507600
전라남도,2014,비도로이동오염원,1397077,1275051
전라남도,2014,폐기물처리,14832,12567
전라남도,2014,기타 면오염원,18826,16943
전라남도,2015,에너지산업 연소,255674,212625
전라남도,2015,비산업 연소,104072,65525
전라남도,2015,제조업 연소,18405030,9585054
전라남도,2015,생산공정,2386860,1798026
전라남도,2015,도로이동오염원,538568,495482
전라남도,2015,비도로이동오염원,1327503,1213488
전라남도,2015,폐기물처리,14499,12142
전라남도,2015,기타 면오염원,17531,15778
전라남도,2015,비산먼지,9282685,1534929
전라남도,2015,생물성 연소,1521941,1207421
전라남도,2016,에너지산업 연소,262348,216455
전라남도,2016,비산업 연소,109865,69942
전라남도,2016,제조업 연소,13496165,7038501
전라남도,2016,생산공정,2299833,1723722
전라남도,2016,도로이동오염원,588952,541836
전라남도,2016,비도로이동오염원,1416886,1295612
전라남도,2016,폐기물처리,21363,18327
전라남도,2016,기타 면오염원,15155,13639
전라남도,2016,비산먼지,9459678,1564523
전라남도,2016,생물성 연소,1425513,1130267
전라남도,2017,에너지산업 연소,264583,222527
전라남도,2017,비산업 연소,127852,82196
전라남도,2017,제조업 연소,8768703,4565650
전라남도,2017,생산공정,2467330,1841003
전라남도,2017,도로이동오염원,523641,481750
전라남도,2017,비도로이동오염원,1524886,1407546
전라남도,2017,폐기물처리,19045,16322
전라남도,2017,기타 면오염원,18546,16692
전라남도,2017,비산먼지,9518276,1559093
전라남도,2017,생물성 연소,1359689,1079426
전라남도,2018,에너지산업 연소,263787,221434
전라남도,2018,비산업 연소,118100,77255
전라남도,2018,제조업 연소,12733213,6631377
전라남도,2018,생산공정,2370642,1780202
전라남도,2018,도로이동오염원,470815,433150
전라남도,2018,비도로이동오염원,1534178,1410880
전라남도,2018,폐기물처리,16493,14025
전라남도,2018,기타 면오염원,16756,15080
전라남도,2018,비산먼지,9379035,1545109
전라남도,2018,생물성 연소,1303179,1027322
전라남도,2019,에너지산업 연소,275680,220932
전라남도,2019,비산업 연소,126033,85600
전라남도,2019,제조업 연소,8774384,4578215
전라남도,2019,생산공정,2306226,1730028
전라남도,2019,도로이동오염원,377818,347593
전라남도,2019,비도로이동오염원,1660116,1524540
전라남도,2019,폐기물처리,15241,12712
전라남도,2019,기타 면오염원,17585,15827
전라남도,2019,비산먼지,10101303,1642864
전라남도,2019,생물성 연소,1323317,1046353
경상북도,2011,에너지산업 연소,36127,28912
경상북도,2011,비산업 연소,305090,163404
경상북도,2011,제조업 연소,13583529,7000491
경상북도,2011,생산공정,1857997,1451966
경상북도,2011,도로이동오염원,1427761,1313540
경상북도,2011,비도로이동오염원,987700,908862
경상북도,2011,폐기물처리,10020,8470
경상북도,2011,기타 면오염원,101174,91056
경상북도,2012,에너지산업 연소,35360,28441
경상북도,2012,비산업 연소,281516,153774
경상북도,2012,제조업 연소,28183030,14585284
경상북도,2012,생산공정,1837438,1456773
경상북도,2012,도로이동오염원,1443023,1327581
경상북도,2012,비도로이동오염원,1050969,966870
경상북도,2012,폐기물처리,9808,8047
경상북도,2012,기타 면오염원,18347,16513
경상북도,2013,에너지산업 연소,31906,25667
경상북도,2013,비산업 연소,273243,151050
경상북도,2013,제조업 연소,28832883,14955164
경상북도,2013,생산공정,1522759,1180293
경상북도,2013,도로이동오염원,1276159,1174066
경상북도,2013,비도로이동오염원,1113544,1024439
경상북도,2013,폐기물처리,10756,9041
경상북도,2013,기타 면오염원,29522,26570
경상북도,2014,에너지산업 연소,34183,30084
경상북도,2014,비산업 연소,226315,129433
경상북도,2014,제조업 연소,18933345,9680691
경상북도,2014,생산공정,1425518,1086718
경상북도,2014,도로이동오염원,1141804,1050460
경상북도,2014,비도로이동오염원,967504,889094
경상북도,2014,폐기물처리,10303,8613
경상북도,2014,기타 면오염원,22283,20055
경상북도,2015,에너지산업 연소,27289,24471
경상북도,2015,비산업 연소,205306,118155
경상북도,2015,제조업 연소,26611224,13736688
경상북도,2015,생산공정,1418146,1080425
경상북도,2015,도로이동오염원,1098932,1011017
경상북도,2015,비도로이동오염원,952062,876921
경상북도,2015,폐기물처리,11124,9356
경상북도,2015,기타 면오염원,22567,20310
경상북도,2015,비산먼지,10791358,1787301
경상북도,2015,생물성 연소,3126558,2590644
경상북도,2016,에너지산업 연소,30226,27348
경상북도,2016,비산업 연소,183708,108061
경상북도,2016,제조업 연소,28702301,14810705
경상북도,2016,생산공정,1709861,1314611
경상북도,2016,도로이동오염원,1243960,1144444
경상북도,2016,비도로이동오염원,908985,838268
경상북도,2016,폐기물처리,11693,9699
경상북도,2016,기타 면오염원,34876,31388
경상북도,2016,비산먼지,10281831,1744746
경상북도,2016,생물성 연소,3182997,2641049
경상북도,2017,에너지산업 연소,24293,21205
경상북도,2017,비산업 연소,160461,96478
경상북도,2017,제조업 연소,23347987,12003314
경상북도,2017,생산공정,1619298,1240493
경상북도,2017,도로이동오염원,1116399,1027087
경상북도,2017,비도로이동오염원,1022185,958746
경상북도,2017,폐기물처리,12587,10482
경상북도,2017,기타 면오염원,34009,30608
경상북도,2017,비산먼지,10132903,1757791
경상북도,2017,생물성 연소,3115834,2592004
경상북도,2018,에너지산업 연소,27412,24698
경상북도,2018,비산업 연소,146592,89879
경상북도,2018,제조업 연소,27515034,14197839
경상북도,2018,생산공정,1675188,1288323
경상북도,2018,도로이동오염원,967510,890109
경상북도,2018,비도로이동오염원,1241632,1169555
경상북도,2018,폐기물처리,12307,10266
경상북도,2018,기타 면오염원,27959,25163
경상북도,2018,비산먼지,10674977,1807683
경상북도,2018,생물성 연소,3010923,2503276
경상북도,2019,에너지산업 연소,21194,19259
경상북도,2019,비산업 연소,120688,78098
경상북도,2019,제조업 연소,21398930,11023853
경상북도,2019,생산공정,1763929,1360913
경상북도,2019,도로이동오염원,798186,734331
경상북도,2019,비도로이동오염원,1125874,1058980
경상북도,2019,폐기물처리,13217,10938
경상북도,2019,기타 면오염원,25686,23118
경상북도,2019,비산먼지,10186240,1760393
경상북도,2019,생물성 연소,2994812,2489907
경상남도,2011,에너지산업 연소,1177411,948810
경상남도,2011,비산업 연소,126886,77897
경상남도,2011,제조업 연소,257329,138301
경상남도,2011,생산공정,78784,57957
경상남도,2011,도로이동오염원,1368509,1259028
경상남도,2011,비도로이동오염원,1249770,1150065
경상남도,2011,폐기물처리,12211,10142
경상남도,2011,기타 면오염원,28530,25677
경상남도,2012,에너지산업 연소,1152389,879161
경상남도,2012,비산업 연소,114219,71318
경상남도,2012,제조업 연소,5113970,2667280
경상남도,2012,생산공정,86102,63374
경상남도,2012,도로이동오염원,1315527,1210285
경상남도,2012,비도로이동오염원,1311199,1206294
경상남도,2012,폐기물처리,15593,13102
경상남도,2012,기타 면오염원,22564,20307
경상남도,2013,에너지산업 연소,1039664,838177
경상남도,2013,비산업 연소,108616,69944
경상남도,2013,제조업 연소,5178932,2701079
경상남도,2013,생산공정,63124,46663
경상남도,2013,도로이동오염원,1125438,1035403
경상남도,2013,비도로이동오염원,1230369,1131930
경상남도,2013,폐기물처리,14757,12134
경상남도,2013,기타 면오염원,23703,21333
경상남도,2014,에너지산업 연소,814265,656481
경상남도,2014,비산업 연소,91793,60299
경상남도,2014,제조업 연소,31242,20512
경상남도,2014,생산공정,63544,46822
경상남도,2014,도로이동오염원,1002349,922161
경상남도,2014,비도로이동오염원,1009922,925357
경상남도,2014,폐기물처리,15693,13038
경상남도,2014,기타 면오염원,22795,20516
경상남도,2015,에너지산업 연소,934851,753755
경상남도,2015,비산업 연소,96540,62194
경상남도,2015,제조업 연소,2137713,1117454
경상남도,2015,생산공정,79148,58860
경상남도,2015,도로이동오염원,967513,890112
경상남도,2015,비도로이동오염원,913133,836712
경상남도,2015,폐기물처리,12651,10206
경상남도,2015,기타 면오염원,25106,22596
경상남도,2015,비산먼지,8425282,1372390
경상남도,2015,생물성 연소,1194230,983028
경상남도,2016,에너지산업 연소,835461,673762
경상남도,2016,비산업 연소,89230,59114
경상남도,2016,제조업 연소,665560,351905
경상남도,2016,생산공정,56170,42372
경상남도,2016,도로이동오염원,1053671,969378
경상남도,2016,비도로이동오염원,1078334,988657
경상남도,2016,폐기물처리,13600,10896
경상남도,2016,기타 면오염원,23088,20779
경상남도,2016,비산먼지,9017157,1448763
경상남도,2016,생물성 연소,1191904,982092
경상남도,2017,에너지산업 연소,816652,658490
경상남도,2017,비산업 연소,85660,56970
경상남도,2017,제조업 연소,512088,271826
경상남도,2017,생산공정,46432,34819
경상남도,2017,도로이동오염원,908185,835531
경상남도,2017,비도로이동오염원,764074,700794
경상남도,2017,폐기물처리,17799,14684
경상남도,2017,기타 면오염원,26170,23553
경상남도,2017,비산먼지,8138342,1359698
경상남도,2017,생물성 연소,1187368,980421
경상남도,2018,에너지산업 연소,715879,577766
경상남도,2018,비산업 연소,79293,54791
경상남도,2018,제조업 연소,737762,389880
경상남도,2018,생산공정,61919,45029
경상남도,2018,도로이동오염원,799915,735922
경상남도,2018,비도로이동오염원,657356,602593
경상남도,2018,폐기물처리,14926,12290
경상남도,2018,기타 면오염원,22118,19906
경상남도,2018,비산먼지,7723757,1321605
경상남도,2018,생물성 연소,1171223,966222
경상남도,2019,에너지산업 연소,572061,461660
경상남도,2019,비산업 연소,77166,56135
경상남도,2019,제조업 연소,504558,269544
경상남도,2019,생산공정,33887,24639
경상남도,2019,도로이동오염원,642275,590893
경상남도,2019,비도로이동오염원,692931,634764
경상남도,2019,폐기물처리,19560,16362
경상남도,2019,기타 면오염원,20476,18428
경상남도,2019,비산먼지,7582793,1305375
경상남도,2019,생물성 연소,1152538,952949
제주특별자치도,2011,에너지산업 연소,33368,17453
제주특별자치도,2011,비산업 연소,50928,22262
제주특별자치도,2011,제조업 연소,1197,415
제주특별자치도,2011,생산공정,176,151
제주특별자치도,2011,도로이동오염원,141992,130632
제주특별자치도,2011,비도로이동오염원,364226,335273
제주특별자치도,2011,폐기물처리,1931,1409
제주특별자치도,2011,기타 면오염원,4825,4343
제주특별자치도,2012,에너지산업 연소,38423,19829
제주특별자치도,2012,비산업 연소,37504,17966
제주특별자치도,2012,제조업 연소,1154,404
제주특별자치도,2012,생산공정,251,211
제주특별자치도,2012,도로이동오염원,154301,141957
제주특별자치도,2012,비도로이동오염원,230991,212512
제주특별자치도,2012,폐기물처리,2865,1990
제주특별자치도,2012,기타 면오염원,4270,3843
제주특별자치도,2013,에너지산업 연소,42094,22866
제주특별자치도,2013,비산업 연소,31399,16236
제주특별자치도,2013,제조업 연소,1468,502
제주특별자치도,2013,생산공정,237,200
제주특별자치도,2013,도로이동오염원,146215,134518
제주특별자치도,2013,비도로이동오염원,282501,259902
제주특별자치도,2013,폐기물처리,2870,1964
제주특별자치도,2013,기타 면오염원,4671,4204
제주특별자치도,2014,에너지산업 연소,31298,18545
제주특별자치도,2014,비산업 연소,21063,11097
제주특별자치도,2014,제조업 연소,903,327
제주특별자치도,2014,생산공정,193,161
제주특별자치도,2014,도로이동오염원,147358,135569
제주특별자치도,2014,비도로이동오염원,242397,222097
제주특별자치도,2014,폐기물처리,2491,1847
제주특별자치도,2014,기타 면오염원,3581,3223
제주특별자치도,2015,에너지산업 연소,21333,11809
제주특별자치도,2015,비산업 연소,17021,10023
제주특별자치도,2015,제조업 연소,955,470
제주특별자치도,2015,생산공정,1071,959
제주특별자치도,2015,도로이동오염원,147891,136059
제주특별자치도,2015,비도로이동오염원,277533,254375
제주특별자치도,2015,폐기물처리,1837,1385
제주특별자치도,2015,기타 면오염원,3684,3316
제주특별자치도,2015,비산먼지,2915248,471506
제주특별자치도,2015,생물성 연소,197503,158050
제주특별자치도,2016,에너지산업 연소,22666,10729
제주특별자치도,2016,비산업 연소,19852,11458
제주특별자치도,2016,제조업 연소,628,292
제주특별자치도,2016,생산공정,224,195
제주특별자치도,2016,도로이동오염원,169099,155571
제주특별자치도,2016,비도로이동오염원,383204,350678
제주특별자치도,2016,폐기물처리,3112,2472
제주특별자치도,2016,기타 면오염원,3501,3151
제주특별자치도,2016,비산먼지,3223831,521064
제주특별자치도,2016,생물성 연소,199524,159360
제주특별자치도,2017,에너지산업 연소,33787,15199
제주특별자치도,2017,비산업 연소,20178,11881
제주특별자치도,2017,제조업 연소,543,223
제주특별자치도,2017,생산공정,19,11
제주특별자치도,2017,도로이동오염원,154656,142284
제주특별자치도,2017,비도로이동오염원,283455,259395
제주특별자치도,2017,폐기물처리,3259,2630
제주특별자치도,2017,기타 면오염원,4581,4123
제주특별자치도,2017,비산먼지,2791274,476692
제주특별자치도,2017,생물성 연소,177418,141326
제주특별자치도,2018,에너지산업 연소,41043,18976
제주특별자치도,2018,비산업 연소,16543,10681
제주특별자치도,2018,제조업 연소,198,73
제주특별자치도,2018,생산공정,16,9
제주특별자치도,2018,도로이동오염원,146360,134651
제주특별자치도,2018,비도로이동오염원,301291,275230
제주특별자치도,2018,폐기물처리,3290,2675
제주특별자치도,2018,기타 면오염원,3880,3492
제주특별자치도,2018,비산먼지,2817014,487659
제주특별자치도,2018,생물성 연소,165853,131702
제주특별자치도,2019,에너지산업 연소,39644,16799
제주특별자치도,2019,비산업 연소,18895,12489
제주특별자치도,2019,제조업 연소,191,72
제주특별자치도,2019,생산공정,44,38
제주특별자치도,2019,도로이동오염원,109772,100990
제주특별자치도,2019,비도로이동오염원,292343,266778
제주특별자치도,2019,폐기물처리,4255,3594
제주특별자치도,2019,기타 면오염원,3703,3332
제주특별자치도,2019,비산먼지,2457365,444611
제주특별자치도,2019,생물성 연소,177879,141834
바다,2014,비도로이동오염원,2898352,2712539
바다,2015,비도로이동오염원,3055361,2859386
바다,2016,비도로이동오염원,3279093,3060663
바다,2017,비도로이동오염원,3360531,3138077
바다,2018,비도로이동오염원,3348673,3122543
바다,2019,비도로이동오염원,3527102,3287811
수도권,2011,에너지산업 연소,661432,601303
수도권,2011,비산업 연소,527757,370613
수도권,2011,제조업 연소,912553,463159
수도권,2011,생산공정,257622,192477
수도권,2011,도로이동오염원,4122547,3792743
수도권,2011,비도로이동오염원,3167096,2915148
수도권,2011,폐기물처리,73804,62833
수도권,2011,기타 면오염원,106348,95713
수도권,2012,에너지산업 연소,675353,623809
수도권,2012,비산업 연소,508026,360466
수도권,2012,제조업 연소,897625,348151
수도권,2012,생산공정,293281,216705
수도권,2012,도로이동오염원,4041268,3717967
수도권,2012,비도로이동오염원,3125079,2875076
수도권,2012,폐기물처리,164399,122447
수도권,2012,기타 면오염원,107379,96641
수도권,2013,에너지산업 연소,749444,697210
수도권,2013,비산업 연소,545902,382659
수도권,2013,제조업 연소,740245,299519
수도권,2013,생산공정,281342,205852
수도권,2013,도로이동오염원,4096272,3768570
수도권,2013,비도로이동오염원,3617931,3328498
수도권,2013,폐기물처리,74967,62706
수도권,2013,기타 면오염원,99524,89571
수도권,2014,에너지산업 연소,673664,612859
수도권,2014,비산업 연소,514945,361709
수도권,2014,제조업 연소,2208224,954489
수도권,2014,생산공정,301064,220680
수도권,2014,도로이동오염원,3250994,2990914
수도권,2014,비도로이동오염원,2784033,2555147
수도권,2014,폐기물처리,74410,61372
수도권,2014,기타 면오염원,106634,95971
수도권,2015,에너지산업 연소,747389,674048
수도권,2015,비산업 연소,515266,364474
수도권,2015,제조업 연소,1090821,419790
수도권,2015,생산공정,322083,236255
수도권,2015,도로이동오염원,3147486,2895687
수도권,2015,비도로이동오염원,4104834,3773153
수도권,2015,폐기물처리,64680,53629
수도권,2015,기타 면오염원,121686,109517
수도권,2015,비산먼지,38216553,5684840
수도권,2015,생물성 연소,2271518,1934205
수도권,2016,에너지산업 연소,738376,677916
수도권,2016,비산업 연소,477822,348035
수도권,2016,제조업 연소,1102671,416288
수도권,2016,생산공정,268903,194843
수도권,2016,도로이동오염원,3492018,3212656
수도권,2016,비도로이동오염원,3806569,3501172
수도권,2016,폐기물처리,67581,55793
수도권,2016,기타 면오염원,118710,106839
수도권,2016,비산먼지,35464732,5480258
수도권,2016,생물성 연소,2239245,1903699
수도권 대기관리권역,2011,에너지산업 연소,661432,601303
수도권 대기관리권역,2011,비산업 연소,501459,351501
수도권 대기관리권역,2011,제조업 연소,806610,422501
수도권 대기관리권역,2011,생산공정,192907,135022
수도권 대기관리권역,2011,도로이동오염원,3600211,3312194
수도권 대기관리권역,2011,비도로이동오염원,3009386,2769976
수도권 대기관리권역,2011,폐기물처리,71524,60928
수도권 대기관리권역,2011,기타 면오염원,96079,86471
수도권 대기관리권역,2012,에너지산업 연소,675353,623809
수도권 대기관리권역,2012,비산업 연소,482566,341279
수도권 대기관리권역,2012,제조업 연소,779026,303867
수도권 대기관리권역,2012,생산공정,241874,171266
수도권 대기관리권역,2012,도로이동오염원,3531786,3249243
수도권 대기관리권역,2012,비도로이동오염원,2897581,2665776
수도권 대기관리권역,2012,폐기물처리,161477,120004
수도권 대기관리권역,2012,기타 면오염원,96000,86400
수도권 대기관리권역,2013,에너지산업 연소,749444,697210
수도권 대기관리권역,2013,비산업 연소,518709,362160
수도권 대기관리권역,2013,제조업 연소,641256,260672
수도권 대기관리권역,2013,생산공정,244623,173651
수도권 대기관리권역,2013,도로이동오염원,3538009,3254968
수도권 대기관리권역,2013,비도로이동오염원,3386014,3115133
수도권 대기관리권역,2013,폐기물처리,71684,60069
수도권 대기관리권역,2013,기타 면오염원,89937,80944
수도권 대기관리권역,2014,에너지산업 연소,673664,612859
수도권 대기관리권역,2014,비산업 연소,462752,329503
수도권 대기관리권역,2014,제조업 연소,2195885,947091
수도권 대기관리권역,2014,생산공정,255256,180341
수도권 대기관리권역,2014,도로이동오염원,2808316,2583650
수도권 대기관리권역,2014,비도로이동오염원,2550826,2340548
수도권 대기관리권역,2014,폐기물처리,71273,58980
수도권 대기관리권역,2014,기타 면오염원,95113,85601
수도권 대기관리권역,2015,에너지산업 연소,709820,636479
수도권 대기관리권역,2015,비산업 연소,465530,332952
수도권 대기관리권역,2015,제조업 연소,1078780,412462
수도권 대기관리권역,2015,생산공정,281670,200705
수도권 대기관리권역,2015,도로이동오염원,2714925,2497731
수도권 대기관리권역,2015,비도로이동오염원,3841311,3530660
수도권 대기관리권역,2015,폐기물처리,61595,51315
수도권 대기관리권역,2015,기타 면오염원,99935,89941
수도권 대기관리권역,2015,비산먼지,34050641,4978623
수도권 대기관리권역,2015,생물성 연소,1468695,1251795
수도권 대기관리권역,2016,에너지산업 연소,738376,677916
수도권 대기관리권역,2016,비산업 연소,462749,338856
수도권 대기관리권역,2016,제조업 연소,1100588,415108
수도권 대기관리권역,2016,생산공정,268890,194831
수도권 대기관리권역,2016,도로이동오염원,3412145,3139173
수도권 대기관리권역,2016,비도로이동오염원,3745377,3444829
수도권 대기관리권역,2016,폐기물처리,66457,54843
수도권 대기관리권역,2016,기타 면오염원,112961,101665
수도권 대기관리권역,2016,비산먼지,34420419,5305700
수도권 대기관리권역,2016,생물성 연소,1955246,1666073
부산 대기관리 규제지역,2015,에너지산업 연소,48853,46561
부산 대기관리 규제지역,2015,비산업 연소,66864,48396
부산 대기관리 규제지역,2015,제조업 연소,256168,111680
부산 대기관리 규제지역,2015,생산공정,14537,10642
부산 대기관리 규제지역,2015,도로이동오염원,308356,283688
부산 대기관리 규제지역,2015,비도로이동오염원,1275648,1161509
부산 대기관리 규제지역,2015,폐기물처리,6591,5724
부산 대기관리 규제지역,2015,기타 면오염원,12687,11419
부산 대기관리 규제지역,2015,비산먼지,4335666,684271
부산 대기관리 규제지역,2015,생물성 연소,77915,67126
부산 대기관리 규제지역,2016,에너지산업 연소,59348,56652
부산 대기관리 규제지역,2016,비산업 연소,66747,49125
부산 대기관리 규제지역,2016,제조업 연소,202087,83065
부산 대기관리 규제지역,2016,생산공정,15855,11549
부산 대기관리 규제지역,2016,도로이동오염원,315978,290700
부산 대기관리 규제지역,2016,비도로이동오염원,1360086,1238734
부산 대기관리 규제지역,2016,폐기물처리,12893,10901
부산 대기관리 규제지역,2016,기타 면오염원,13969,12572
부산 대기관리 규제지역,2016,비산먼지,4766841,751484
부산 대기관리 규제지역,2016,생물성 연소,68009,57944
대구 대기관리 규제지역,2015,에너지산업 연소,32928,28700
대구 대기관리 규제지역,2015,비산업 연소,47638,31276
대구 대기관리 규제지역,2015,제조업 연소,678930,237627
대구 대기관리 규제지역,2015,생산공정,849,758
대구 대기관리 규제지역,2015,도로이동오염원,334066,307340
대구 대기관리 규제지역,2015,비도로이동오염원,140891,129619
대구 대기관리 규제지역,2015,폐기물처리,3406,2766
대구 대기관리 규제지역,2015,기타 면오염원,9802,8821
대구 대기관리 규제지역,2015,비산먼지,1912034,335526
대구 대기관리 규제지역,2015,생물성 연소,91934,76707
대구 대기관리 규제지역,2016,에너지산업 연소,34668,30482
대구 대기관리 규제지역,2016,비산업 연소,43622,29961
대구 대기관리 규제지역,2016,제조업 연소,717564,251031
대구 대기관리 규제지역,2016,생산공정,551,490
대구 대기관리 규제지역,2016,도로이동오염원,345322,317696
대구 대기관리 규제지역,2016,비도로이동오염원,163040,149996
대구 대기관리 규제지역,2016,폐기물처리,1630,1191
대구 대기관리 규제지역,2016,기타 면오염원,9331,8398
대구 대기관리 규제지역,2016,비산먼지,2058588,355913
대구 대기관리 규제지역,2016,생물성 연소,87620,72895
광양 특별 대책지역,2015,에너지산업 연소,255636,212587
광양 특별 대책지역,2015,비산업 연소,34994,22950
광양 특별 대책지역,2015,제조업 연소,18283236,9520013
광양 특별 대책지역,2015,생산공정,2385919,1797345
광양 특별 대책지역,2015,도로이동오염원,98295,90431
광양 특별 대책지역,2015,비도로이동오염원,55775,51311
광양 특별 대책지역,2015,폐기물처리,6782,5607
광양 특별 대책지역,2015,기타 면오염원,3245,2920
광양 특별 대책지역,2015,비산먼지,1106340,172634
광양 특별 대책지역,2015,생물성 연소,110181,86232
광양 특별 대책지역,2016,에너지산업 연소,262112,216219
광양 특별 대책지역,2016,비산업 연소,43374,28377
광양 특별 대책지역,2016,제조업 연소,13468675,7021837
광양 특별 대책지역,2016,생산공정,2299060,1723188
광양 특별 대책지역,2016,도로이동오염원,109573,100807
광양 특별 대책지역,2016,비도로이동오염원,64997,59795
광양 특별 대책지역,2016,폐기물처리,12502,10831
광양 특별 대책지역,2016,기타 면오염원,2893,2603
광양 특별 대책지역,2016,비산먼지,1153346,179643
광양 특별 대책지역,2016,생물성 연소,103700,81290
